{"cameraMode":{"drawMode":0,"name":"Shaded","section":"Shading Mode"},"sceneLighting":false,"audioPlay":false,"sceneViewState":{"showFog":true,"showMaterialUpdate":false,"showSkybox":true,"showFlares":true,"showImageEffects":true,"showParticleSystems":true},"in2DMode":false,"pivot":{"x":-3.1700668334960939,"y":2.001676559448242,"z":9.126020431518555},"rotation":{"x":-0.3794114887714386,"y":-0.5928494334220886,"z":0.37152987718582156,"w":-0.6054271459579468},"size":49.24409484863281,"orthographic":false}