{"cameraMode":{"drawMode":0,"name":"Shaded","section":"Shading Mode"},"sceneLighting":true,"audioPlay":false,"sceneViewState":{"showFog":true,"showMaterialUpdate":true,"showSkybox":true,"showFlares":true,"showImageEffects":true,"showParticleSystems":true},"in2DMode":false,"pivot":{"x":-3.019977569580078,"y":-1.2859840393066407,"z":16.828514099121095},"rotation":{"x":0.020131047815084459,"y":0.9645054936408997,"z":-0.25174304842948916,"w":0.07713241130113602},"size":57.8524284362793,"orthographic":false}