{"cameraMode":{"drawMode":0,"name":"Shaded","section":"Shading Mode"},"sceneLighting":false,"audioPlay":false,"sceneViewState":{"showFog":true,"showMaterialUpdate":false,"showSkybox":true,"showFlares":true,"showImageEffects":true,"showParticleSystems":true},"in2DMode":false,"pivot":{"x":-82.79216003417969,"y":-43.83940505981445,"z":63.614418029785159},"rotation":{"x":-0.2454041838645935,"y":0.39067575335502627,"z":-0.10888413339853287,"w":-0.8805075287818909},"size":17.79792022705078,"orthographic":false}