{"cameraMode":{"drawMode":0,"name":"Shaded","section":"Shading Mode"},"sceneLighting":false,"audioPlay":false,"sceneViewState":{"showFog":true,"showMaterialUpdate":false,"showSkybox":true,"showFlares":true,"showImageEffects":true,"showParticleSystems":true},"in2DMode":false,"pivot":{"x":36.50530242919922,"y":-17.044872283935548,"z":-105.64900207519531},"rotation":{"x":0.10944882780313492,"y":-0.41698378324508669,"z":0.05065779387950897,"w":0.9008769392967224},"size":94.74708557128906,"orthographic":true}