{"cameraMode":{"drawMode":0,"name":"Shaded","section":"Shading Mode"},"sceneLighting":false,"audioPlay":false,"sceneViewState":{"showFog":true,"showMaterialUpdate":false,"showSkybox":true,"showFlares":true,"showImageEffects":true,"showParticleSystems":true},"in2DMode":false,"pivot":{"x":-551.3082885742188,"y":-39.338382720947269,"z":1045.4375},"rotation":{"x":0.0029886492993682625,"y":0.08688992261886597,"z":-0.00026067052385769784,"w":0.9962133765220642},"size":411.12933349609377,"orthographic":true}