{"cameraMode":{"drawMode":0,"name":"Shaded","section":"Shading Mode"},"sceneLighting":false,"audioPlay":false,"sceneViewState":{"showFog":true,"showMaterialUpdate":false,"showSkybox":true,"showFlares":true,"showImageEffects":true,"showParticleSystems":true},"in2DMode":false,"pivot":{"x":-13.5,"y":6.090000152587891,"z":15.447157859802246},"rotation":{"x":0.06878210604190827,"y":-0.2152530401945114,"z":0.015200561843812466,"w":0.9740144610404968},"size":17.001161575317384,"orthographic":false}