{"cameraMode":{"drawMode":0,"name":"Shaded","section":"Shading Mode"},"sceneLighting":false,"audioPlay":false,"sceneViewState":{"showFog":true,"showMaterialUpdate":false,"showSkybox":true,"showFlares":true,"showImageEffects":true,"showParticleSystems":true},"in2DMode":false,"pivot":{"x":119.59469604492188,"y":6.585129261016846,"z":-36.26100540161133},"rotation":{"x":0.0012758418451994658,"y":0.9792446494102478,"z":-0.20258407294750215,"w":0.006165814585983753},"size":92.95328521728516,"orthographic":true}