{"cameraMode":{"drawMode":0,"name":"Shaded","section":"Shading Mode"},"sceneLighting":false,"audioPlay":false,"sceneViewState":{"showFog":true,"showMaterialUpdate":false,"showSkybox":true,"showFlares":true,"showImageEffects":true,"showParticleSystems":true},"in2DMode":false,"pivot":{"x":6.663751602172852,"y":0.5997984409332275,"z":11.21959114074707},"rotation":{"x":0.06878210604190827,"y":-0.2152530401945114,"z":0.015200561843812466,"w":0.9740144610404968},"size":0.8822574615478516,"orthographic":false}