{"cameraMode":{"drawMode":0,"name":"Shaded","section":"Shading Mode"},"sceneLighting":false,"audioPlay":false,"sceneViewState":{"showFog":true,"showMaterialUpdate":false,"showSkybox":true,"showFlares":true,"showImageEffects":true,"showParticleSystems":true},"in2DMode":false,"pivot":{"x":1.8210639953613282,"y":0.36828136444091799,"z":7.199660301208496},"rotation":{"x":0.14552880823612214,"y":-0.40792039036750796,"z":0.0660393014550209,"w":0.8989222645759583},"size":27.751718521118165,"orthographic":false}