{"cameraMode":{"drawMode":0,"name":"Shaded","section":"Shading Mode"},"sceneLighting":false,"audioPlay":false,"sceneViewState":{"showFog":true,"showMaterialUpdate":false,"showSkybox":true,"showFlares":true,"showImageEffects":true,"showParticleSystems":true},"in2DMode":false,"pivot":{"x":35.694698333740237,"y":-17.044872283935548,"z":57.54899597167969},"rotation":{"x":0.07665211707353592,"y":0.2974208891391754,"z":-0.023965705186128618,"w":0.9513627290725708},"size":579.8294067382813,"orthographic":true}