{"cameraMode":{"drawMode":0,"name":"Shaded","section":"Shading Mode"},"sceneLighting":false,"audioPlay":false,"sceneViewState":{"showFog":true,"showMaterialUpdate":false,"showSkybox":true,"showFlares":true,"showImageEffects":true,"showParticleSystems":true},"in2DMode":false,"pivot":{"x":-0.3902730941772461,"y":6.112311840057373,"z":-8.293448448181153},"rotation":{"x":0.04527480527758598,"y":-0.33074820041656496,"z":0.015888212248682977,"w":0.942498505115509},"size":28.097610473632814,"orthographic":true}