{"cameraMode":{"drawMode":0,"name":"Shaded","section":"Shading Mode"},"sceneLighting":false,"audioPlay":false,"sceneViewState":{"showFog":true,"showMaterialUpdate":false,"showSkybox":true,"showFlares":true,"showImageEffects":true,"showParticleSystems":true},"in2DMode":false,"pivot":{"x":3.396484375,"y":16.6142578125,"z":-16.76171875},"rotation":{"x":0.11971177905797959,"y":-0.002978918608278036,"z":0.00035915698390454054,"w":0.9928041696548462},"size":58.29121017456055,"orthographic":true}